Date,High,Low,Open,Close,Volume,AdjClose
2019-01-02,251.2100067138672,245.9499969482422,245.97999572753906,250.17999267578125,126925200.0,238.69454956054688
2019-01-03,248.57000732421875,243.6699981689453,248.22999572753906,244.2100067138672,144140700.0,232.99862670898438
2019-01-04,253.11000061035156,247.1699981689453,247.58999633789062,252.38999938964844,142628800.0,240.80307006835938
2019-01-07,255.9499969482422,251.69000244140625,252.69000244140625,254.3800048828125,103139100.0,242.7017059326172
2019-01-08,257.30999755859375,254.0,256.82000732421875,256.7699890136719,102512600.0,244.98199462890625
2019-01-09,258.9100036621094,256.19000244140625,257.55999755859375,257.9700012207031,95006600.0,246.12692260742188
2019-01-10,259.1600036621094,255.5,256.260009765625,258.8800048828125,96823900.0,246.99513244628906
2019-01-11,259.010009765625,257.0299987792969,257.67999267578125,258.9800109863281,73858100.0,247.0905303955078
2019-01-14,258.29998779296875,256.4100036621094,256.8599853515625,257.3999938964844,70908200.0,245.58306884765625
2019-01-15,260.70001220703125,257.80999755859375,257.82000732421875,260.3500061035156,85208300.0,248.39761352539062
2019-01-16,261.9700012207031,260.6000061035156,260.8299865722656,260.9800109863281,77636700.0,248.9987030029297
2019-01-17,263.9200134277344,259.9599914550781,260.010009765625,262.9599914550781,96118400.0,250.88783264160156
2019-01-18,266.9800109863281,263.0,264.9800109863281,266.4599914550781,127900300.0,254.22715759277344
2019-01-22,265.05999755859375,261.05999755859375,264.82000732421875,262.8599853515625,115531200.0,250.79238891601562
2019-01-23,264.7900085449219,260.6600036621094,264.010009765625,263.4100036621094,86030300.0,251.317138671875
2019-01-24,264.20001220703125,262.0799865722656,263.2099914550781,263.54998779296875,59204100.0,251.45071411132812
2019-01-25,266.70001220703125,263.6600036621094,265.6099853515625,265.7799987792969,96883400.0,253.578369140625
2019-01-28,263.8299865722656,261.7900085449219,263.3900146484375,263.760009765625,85613700.0,251.65115356445312
2019-01-29,264.54998779296875,262.4800109863281,263.9200134277344,263.4100036621094,66136300.0,251.317138671875
2019-01-30,268.5199890136719,264.25,265.1000061035156,267.5799865722656,92473700.0,255.2957000732422
2019-01-31,270.4700012207031,267.2699890136719,267.510009765625,269.92999267578125,104012100.0,257.5378112792969
2019-02-01,271.20001220703125,269.17999267578125,270.1499938964844,270.05999755859375,85782500.0,257.661865234375
2019-02-04,272.0299987792969,269.3599853515625,270.1099853515625,271.9599914550781,60744800.0,259.4745788574219
2019-02-05,273.44000244140625,271.8800048828125,272.44000244140625,273.1000061035156,79552800.0,260.5622863769531
2019-02-06,273.3399963378906,271.9200134277344,272.7900085449219,272.739990234375,58347800.0,260.2188415527344
2019-02-07,271.54998779296875,268.2900085449219,270.94000244140625,270.1400146484375,95482000.0,257.7381591796875
2019-02-08,270.5799865722656,267.8299865722656,268.75,270.4700012207031,75788900.0,258.0530700683594
2019-02-11,271.489990234375,270.0299987792969,271.20001220703125,270.6199951171875,68021400.0,258.1961364746094
2019-02-12,274.5199890136719,272.3399963378906,272.4200134277344,274.1000061035156,72270200.0,261.51641845703125
2019-02-13,275.92999267578125,274.55999755859375,275.0299987792969,274.989990234375,65277200.0,262.3655700683594
2019-02-14,275.6400146484375,272.8699951171875,273.7799987792969,274.3800048828125,83234400.0,261.78350830078125
2019-02-15,277.4100036621094,276.1300048828125,276.3599853515625,277.3699951171875,97088700.0,264.63629150390625
2019-02-19,278.5799865722656,276.4700012207031,276.4800109863281,277.8500061035156,59120800.0,265.0942077636719
2019-02-20,278.9200134277344,277.25,277.80999755859375,278.4100036621094,76610800.0,265.6285705566406
2019-02-21,278.1000061035156,276.3500061035156,277.70001220703125,277.4200134277344,64214700.0,264.6839904785156
2019-02-22,279.3599853515625,277.3999938964844,278.1099853515625,279.1400146484375,78114600.0,266.3250732421875
2019-02-25,281.30999755859375,279.42999267578125,280.7300109863281,279.5199890136719,69030700.0,266.68756103515625
2019-02-26,280.29998779296875,278.8999938964844,279.1300048828125,279.32000732421875,56844100.0,266.49676513671875
2019-02-27,279.5899963378906,277.4800109863281,278.5199890136719,279.20001220703125,56921600.0,266.3822021484375
2019-02-28,279.45001220703125,278.32000732421875,278.9599914550781,278.67999267578125,69268300.0,265.8861083984375
2019-03-01,280.8800048828125,278.82000732421875,280.44000244140625,280.4200134277344,78880500.0,267.5462341308594
2019-03-04,281.8699951171875,276.8399963378906,281.6000061035156,279.3999938964844,106494600.0,266.57305908203125
2019-03-05,279.760009765625,278.4100036621094,279.5400085449219,279.0199890136719,59114600.0,266.2104797363281
2019-03-06,279.1600036621094,276.9700012207031,279.1499938964844,277.3299865722656,75039800.0,264.5981140136719
2019-03-07,276.989990234375,274.07000732421875,276.8299865722656,275.010009765625,94885100.0,262.3846435546875
2019-03-08,274.6499938964844,272.4200134277344,272.94000244140625,274.4599914550781,85795800.0,261.8598327636719
2019-03-11,278.6199951171875,275.2300109863281,275.260009765625,278.44000244140625,65098900.0,265.6571350097656
2019-03-12,280.07000732421875,278.8500061035156,279.05999755859375,279.489990234375,79667500.0,266.658935546875
2019-03-13,282.3800048828125,280.29998779296875,280.4800109863281,281.3399963378906,80639200.0,268.4239807128906
2019-03-14,281.8399963378906,280.6700134277344,281.3699951171875,281.1600036621094,67518400.0,268.25225830078125
2019-03-15,282.2099914550781,280.3299865722656,280.5400085449219,281.30999755859375,81309000.0,269.5776062011719
2019-03-18,282.6600036621094,281.29998779296875,281.54998779296875,282.3299865722656,62199800.0,270.5550231933594
2019-03-19,284.3599853515625,281.4100036621094,283.510009765625,282.3999938964844,90268100.0,270.6221618652344
2019-03-20,283.5,280.32000732421875,282.1600036621094,281.54998779296875,84609200.0,269.8075256347656
2019-03-21,285.17999267578125,280.5899963378906,280.6400146484375,284.7300109863281,79550400.0,272.85491943359375
2019-03-22,283.79998779296875,279.17999267578125,283.2200012207031,279.25,122659300.0,267.603515625
2019-03-25,280.19000244140625,277.6400146484375,278.8699951171875,279.0400085449219,85575200.0,267.40228271484375
2019-03-26,282.17999267578125,279.55999755859375,280.989990234375,281.1199951171875,68125900.0,269.3955383300781
2019-03-27,281.760009765625,277.92999267578125,281.1099853515625,279.6499938964844,72224700.0,267.9868469238281
2019-03-28,281.2099914550781,279.07000732421875,280.3500061035156,280.7099914550781,56238500.0,269.0025634765625
2019-03-29,282.8399963378906,281.1400146484375,282.3900146484375,282.4800109863281,82186800.0,270.69879150390625
2019-04-01,286.1600036621094,284.3999938964844,284.70001220703125,285.8299865722656,77617900.0,273.9090576171875
2019-04-02,286.2300109863281,285.0899963378906,286.0400085449219,285.9700012207031,40070400.0,274.0432434082031
2019-04-03,287.760009765625,285.75,287.32000732421875,286.4200134277344,68243200.0,274.4744873046875
2019-04-04,287.4599914550781,286.010009765625,286.7799987792969,287.17999267578125,48997500.0,275.20281982421875
2019-04-05,288.6300048828125,287.6000061035156,287.9200134277344,288.57000732421875,58621700.0,276.5348205566406
2019-04-08,288.9100036621094,287.3699951171875,288.1000061035156,288.7900085449219,53566300.0,276.74566650390625
2019-04-09,288.0799865722656,286.70001220703125,287.7200012207031,287.30999755859375,66142300.0,275.32733154296875
2019-04-10,288.3900146484375,287.30999755859375,287.7699890136719,288.2900085449219,52601500.0,276.2664794921875
2019-04-11,288.8399963378906,287.5799865722656,288.8299865722656,288.2099914550781,55093100.0,276.1898498535156
2019-04-12,290.4700012207031,288.260009765625,290.0,290.1600036621094,69727800.0,278.0585021972656
2019-04-15,290.3500061035156,289.0799865722656,290.239990234375,289.9700012207031,49596700.0,277.8764343261719
2019-04-16,291.010009765625,289.5,290.95001220703125,290.1600036621094,52153200.0,278.0585021972656
2019-04-17,291.42999267578125,288.989990234375,291.3999938964844,289.45001220703125,58268300.0,277.3781433105469
2019-04-18,290.32000732421875,288.6600036621094,290.1000061035156,290.0199890136719,68708500.0,277.9243469238281
2019-04-22,290.44000244140625,289.07000732421875,289.1700134277344,290.2699890136719,40160100.0,278.1639404296875
2019-04-23,293.1400146484375,290.4200134277344,290.67999267578125,292.8800048828125,52246600.0,280.6650390625
2019-04-24,293.1600036621094,292.07000732421875,292.7900085449219,292.2300109863281,50392900.0,280.04217529296875
2019-04-25,292.7799987792969,290.7300109863281,292.1199951171875,292.04998779296875,57770900.0,279.86968994140625
2019-04-26,293.489990234375,291.239990234375,292.1000061035156,293.4100036621094,50916400.0,281.1729736328125
2019-04-29,294.45001220703125,293.4100036621094,293.510009765625,293.8699951171875,57197700.0,281.61376953125
2019-04-30,294.3399963378906,291.9200134277344,293.489990234375,294.0199890136719,81111700.0,281.75750732421875
2019-05-01,294.95001220703125,291.79998779296875,294.7200012207031,291.80999755859375,71671900.0,279.63970947265625
2019-05-02,292.70001220703125,289.5199890136719,291.67999267578125,291.17999267578125,65030200.0,279.03594970703125
2019-05-03,294.3399963378906,291.29998779296875,292.82000732421875,294.0299987792969,56543700.0,281.7671203613281
2019-05-06,293.30999755859375,288.8999938964844,289.25,292.82000732421875,107198100.0,280.60760498046875
2019-05-07,290.80999755859375,285.80999755859375,290.1499938964844,287.92999267578125,144729900.0,275.9215087890625
2019-05-08,289.42999267578125,286.8699951171875,287.5299987792969,287.5299987792969,91568300.0,275.5381774902344
2019-05-09,287.3299865722656,283.29998779296875,285.2300109863281,286.6600036621094,103471100.0,274.7044982910156
2019-05-10,288.94000244140625,282.29998779296875,285.6199951171875,288.1000061035156,112429300.0,276.0844421386719
2019-05-13,283.489990234375,279.92999267578125,282.4200134277344,280.8599853515625,127290500.0,269.1463317871094
2019-05-14,285.1000061035156,281.8500061035156,281.989990234375,283.3999938964844,77003200.0,271.5804443359375
2019-05-15,285.7699890136719,281.3599853515625,281.5899963378906,285.05999755859375,73956400.0,273.1712341308594
2019-05-16,289.2099914550781,285.760009765625,285.8399963378906,287.70001220703125,76749600.0,275.7010498046875
2019-05-17,288.6000061035156,285.1199951171875,285.1400146484375,285.8399963378906,100353000.0,273.91864013671875
2019-05-20,285.9599914550781,283.1199951171875,284.05999755859375,283.95001220703125,62877600.0,272.10748291015625
2019-05-21,286.92999267578125,285.54998779296875,285.8299865722656,286.510009765625,46847100.0,274.5606994628906
2019-05-22,286.69000244140625,285.1000061035156,285.45001220703125,285.6300048828125,49482500.0,273.7174072265625
2019-05-23,283.2099914550781,280.57000732421875,283.1600036621094,282.1400146484375,98733800.0,270.3729553222656
2019-05-24,284.20001220703125,282.0899963378906,283.739990234375,282.7799987792969,55268100.0,270.9862976074219
2019-05-28,284.1499938964844,280.1300048828125,283.0899963378906,280.1499938964844,70029400.0,268.4659729003906
2019-05-29,279.3599853515625,276.7099914550781,278.9100036621094,278.2699890136719,104972900.0,266.6643371582031
2019-05-30,280.0400085449219,277.80999755859375,279.1099853515625,279.0299987792969,62523800.0,267.3927307128906
2019-05-31,277.1199951171875,275.239990234375,276.20001220703125,275.2699890136719,86862800.0,263.78948974609375
2019-06-03,276.54998779296875,273.0899963378906,275.30999755859375,274.57000732421875,96428000.0,263.1186828613281
2019-06-04,280.67999267578125,276.6199951171875,277.1199951171875,280.5299987792969,77231900.0,268.83013916015625
2019-06-05,282.989990234375,280.32000732421875,282.3299865722656,282.9599914550781,71169700.0,271.1587219238281
2019-06-06,285.54998779296875,282.57000732421875,283.2900085449219,284.79998779296875,69430400.0,272.92205810546875
2019-06-07,288.8500061035156,285.739990234375,285.92999267578125,287.6499938964844,74272200.0,275.6531982421875
2019-06-10,290.82000732421875,288.8699951171875,289.3699951171875,288.9700012207031,60799100.0,276.9181213378906
2019-06-11,291.3999938964844,288.17999267578125,290.989990234375,288.8999938964844,58641300.0,276.85101318359375
2019-06-12,289.260009765625,287.82000732421875,288.6400146484375,288.3900146484375,47096300.0,276.3623046875
2019-06-13,289.9800109863281,288.6199951171875,289.3999938964844,289.5799865722656,48945200.0,277.5026550292969
2019-06-14,289.92999267578125,288.4100036621094,289.260009765625,289.260009765625,52324700.0,277.196044921875
2019-06-17,290.2200012207031,289.17999267578125,289.5199890136719,289.3699951171875,39205700.0,277.3014221191406
2019-06-18,293.57000732421875,290.989990234375,291.3900146484375,292.3999938964844,85434800.0,280.2051086425781
2019-06-19,293.6499938964844,291.4700012207031,292.54998779296875,293.05999755859375,78674400.0,280.83758544921875
2019-06-20,296.30999755859375,293.1300048828125,296.0400085449219,295.8599853515625,116570000.0,283.5207824707031
2019-06-21,295.5199890136719,293.760009765625,294.1300048828125,294.0,83309500.0,283.108642578125
2019-06-24,294.5799865722656,293.4700012207031,294.2300109863281,293.6400146484375,47582700.0,282.7619934082031
2019-06-25,293.7300109863281,290.6400146484375,293.70001220703125,290.760009765625,82028700.0,279.9886779785156
2019-06-26,292.30999755859375,290.3500061035156,291.75,290.4700012207031,51584900.0,279.7094421386719
2019-06-27,292.05999755859375,290.8900146484375,291.30999755859375,291.5,40355200.0,280.7012634277344
2019-06-28,293.54998779296875,292.010009765625,292.5799865722656,293.0,59350900.0,282.14569091796875
2019-07-01,296.9200134277344,294.3299865722656,296.67999267578125,295.6600036621094,78705600.0,284.7071228027344
2019-07-02,296.489990234375,294.67999267578125,295.6099853515625,296.42999267578125,61504500.0,285.4485778808594
2019-07-03,298.82000732421875,297.0199890136719,297.17999267578125,298.79998779296875,40898900.0,287.73077392578125
2019-07-05,298.6400146484375,296.010009765625,297.44000244140625,298.4599914550781,51677300.0,287.40338134765625
2019-07-08,298.260009765625,296.2200012207031,297.010009765625,296.82000732421875,45841800.0,285.8241882324219
2019-07-09,297.5199890136719,295.4800109863281,295.5400085449219,297.19000244140625,41101300.0,286.1804504394531
2019-07-10,299.6600036621094,297.7799987792969,298.3699951171875,298.6099853515625,58448500.0,287.5478820800781
2019-07-11,299.5799865722656,298.20001220703125,299.32000732421875,299.30999755859375,50826100.0,288.221923828125
2019-07-12,300.7300109863281,299.510009765625,299.8500061035156,300.6499938964844,40326000.0,289.51226806640625
2019-07-15,301.1300048828125,300.19000244140625,301.1300048828125,300.75,33900000.0,289.6086120605469
2019-07-16,300.8800048828125,299.44000244140625,300.6499938964844,299.7799987792969,36650100.0,288.6744689941406
2019-07-17,299.92999267578125,297.739990234375,299.75,297.739990234375,36036300.0,286.7100524902344
2019-07-18,299.25,296.70001220703125,297.19000244140625,298.8299865722656,51392600.0,287.75970458984375
2019-07-19,300.07000732421875,296.9800109863281,300.0400085449219,297.1700134277344,58678600.0,286.16119384765625
2019-07-22,298.5,297.0400085449219,297.6099853515625,297.8999938964844,43638100.0,286.8641357421875
2019-07-23,300.0299987792969,298.2200012207031,299.1400146484375,300.0299987792969,44564500.0,288.91522216796875
2019-07-24,301.44000244140625,299.0899963378906,299.19000244140625,301.44000244140625,47213200.0,290.27301025390625
2019-07-25,301.0,299.1099853515625,300.94000244140625,300.0,55394100.0,288.8863220214844
2019-07-26,302.2300109863281,300.6199951171875,300.760009765625,302.010009765625,45084100.0,290.8218994140625
2019-07-29,302.010009765625,300.8500061035156,301.8800048828125,301.4599914550781,38126500.0,290.29229736328125
2019-07-30,301.1700134277344,299.489990234375,299.9100036621094,300.7200012207031,45849000.0,289.5796813964844
2019-07-31,301.20001220703125,295.20001220703125,300.989990234375,297.42999267578125,104245200.0,286.4115295410156
2019-08-01,300.8699951171875,293.9599914550781,297.6000061035156,294.8399963378906,142646600.0,283.9175109863281
2019-08-02,294.1199951171875,290.8999938964844,293.8500061035156,292.6199951171875,116749700.0,281.7797546386719
2019-08-05,288.2099914550781,281.7200012207031,288.0899963378906,283.82000732421875,178745400.0,273.3058166503906
2019-08-06,288.0400085449219,284.2799987792969,285.9100036621094,287.79998779296875,120711700.0,277.1383056640625
2019-08-07,288.82000732421875,282.0400085449219,284.3999938964844,287.9700012207031,140572300.0,277.3020324707031
2019-08-08,293.6199951171875,289.010009765625,289.6199951171875,293.6199951171875,87713900.0,282.74273681640625
2019-08-09,293.239990234375,289.6499938964844,292.5799865722656,291.6199951171875,93730000.0,280.8168029785156
2019-08-12,291.6099853515625,287.0199890136719,289.9599914550781,288.07000732421875,65527600.0,277.3983154296875
2019-08-13,294.1499938964844,287.3599853515625,287.739990234375,292.54998779296875,94299800.0,281.71234130859375
2019-08-14,288.739990234375,283.760009765625,288.07000732421875,283.8999938964844,135622100.0,273.38275146484375
2019-08-15,285.6400146484375,282.3900146484375,284.8800048828125,284.6499938964844,99556600.0,274.10498046875
2019-08-16,289.3299865722656,284.7099914550781,286.4800109863281,288.8500061035156,83018300.0,278.14947509765625
2019-08-19,293.0799865722656,291.44000244140625,292.19000244140625,292.3299865722656,53571800.0,281.50048828125
2019-08-20,292.3599853515625,289.95001220703125,291.7699890136719,290.0899963378906,51596400.0,279.34344482421875
2019-08-21,292.8599853515625,291.7200012207031,292.4800109863281,292.45001220703125,49524700.0,281.6160583496094
2019-08-22,293.92999267578125,290.3999938964844,293.2300109863281,292.3599853515625,51666400.0,281.52935791015625
2019-08-23,292.760009765625,283.4700012207031,290.9200134277344,284.8500061035156,149161500.0,274.2975769042969
2019-08-26,288.0,285.5799865722656,287.2699890136719,288.0,72423800.0,277.3309326171875
2019-08-27,289.95001220703125,286.0299987792969,289.5400085449219,286.8699951171875,66668900.0,276.24273681640625
2019-08-28,289.07000732421875,285.25,286.1400146484375,288.8900146484375,59696700.0,278.1879577636719
2019-08-29,293.1600036621094,290.6099853515625,291.7200012207031,292.5799865722656,57899400.0,281.7412109375
2019-08-30,294.239990234375,291.4200134277344,294.2200012207031,292.45001220703125,62901200.0,281.6160583496094
2019-09-03,291.5799865722656,289.2699890136719,290.57000732421875,290.739990234375,69101400.0,279.9693908691406
2019-09-04,294.05999755859375,292.30999755859375,293.1400146484375,294.0400085449219,46887300.0,283.1471862792969
2019-09-05,298.8299865722656,294.0,296.7900085449219,297.82000732421875,83258100.0,286.7871398925781
2019-09-06,298.760009765625,297.4200134277344,298.1700134277344,298.04998779296875,49584300.0,287.00860595703125
2019-09-09,299.239990234375,297.1600036621094,299.1400146484375,298.20001220703125,51260300.0,287.1530456542969
2019-09-10,298.20001220703125,295.9700012207031,297.3599853515625,298.1300048828125,57947100.0,287.08563232421875
2019-09-11,300.3399963378906,297.75,298.4700012207031,300.25,68821100.0,289.1270751953125
2019-09-12,302.4599914550781,300.4100036621094,301.25,301.2900085449219,72908700.0,290.12860107421875
2019-09-13,302.1700134277344,300.67999267578125,301.7799987792969,301.0899963378906,62104800.0,289.9360046386719
2019-09-16,301.1400146484375,299.45001220703125,299.8399963378906,300.1600036621094,58191200.0,289.0404357910156
2019-09-17,301.0199890136719,299.75,299.94000244140625,300.9200134277344,41475500.0,289.7723083496094
2019-09-18,301.2200012207031,298.239990234375,300.489990234375,301.1000061035156,73375800.0,289.94561767578125
2019-09-19,302.6300048828125,300.7099914550781,301.5299987792969,301.0799865722656,76560500.0,289.9263610839844
2019-09-20,300.6700134277344,297.4100036621094,300.3599853515625,298.2799987792969,89565000.0,288.5564880371094
2019-09-23,299.0,297.2699890136719,297.54998779296875,298.2099914550781,43476800.0,288.48876953125
2019-09-24,299.8399963378906,294.80999755859375,299.4100036621094,295.8699951171875,94869400.0,286.2250671386719
2019-09-25,298.1099853515625,294.3299865722656,295.9599914550781,297.6199951171875,71854000.0,287.91802978515625
2019-09-26,297.8599853515625,295.45001220703125,297.6300048828125,297.0,56179700.0,287.3182373046875
2019-09-27,297.95001220703125,293.69000244140625,297.8299865722656,295.3999938964844,84746600.0,285.7703552246094
2019-09-30,297.54998779296875,295.9200134277344,295.9700012207031,296.7699890136719,51662400.0,287.09576416015625
2019-10-01,298.4599914550781,293.0,297.739990234375,293.239990234375,88242400.0,283.6808166503906
2019-10-02,291.510009765625,286.6400146484375,291.5,288.05999755859375,122539500.0,278.6696472167969
2019-10-03,290.45001220703125,284.82000732421875,287.80999755859375,290.4200134277344,85278800.0,280.9527282714844
2019-10-04,294.6300048828125,291.0799865722656,291.1400146484375,294.3500061035156,65091200.0,284.7546081542969
2019-10-07,295.260009765625,292.7699890136719,293.4700012207031,293.0799865722656,59610500.0,283.5260314941406
2019-10-08,291.8500061035156,288.489990234375,291.0400085449219,288.5299987792969,95708100.0,279.12432861328125
2019-10-09,292.29998779296875,290.05999755859375,290.75,291.2699890136719,62359400.0,281.7749938964844
2019-10-10,294.2099914550781,291.0,291.17999267578125,293.239990234375,55296300.0,283.6808166503906
2019-10-11,298.739990234375,296.1400146484375,296.2699890136719,296.2799987792969,98720400.0,286.6217041015625
2019-10-14,296.6700134277344,295.57000732421875,295.92999267578125,295.95001220703125,40394800.0,286.3024597167969
2019-10-15,299.70001220703125,296.9700012207031,297.1000061035156,298.8800048828125,46754500.0,289.1369323730469
2019-10-16,299.1600036621094,297.9200134277344,298.3699951171875,298.3999938964844,48928200.0,288.672607421875
2019-10-17,300.239990234375,298.5199890136719,299.67999267578125,299.2799987792969,45736600.0,289.5238952636719
2019-10-18,299.3999938964844,297.0299987792969,298.69000244140625,297.9700012207031,64304000.0,288.256591796875
2019-10-21,300.2099914550781,298.94000244140625,299.4200134277344,299.989990234375,39048600.0,290.21075439453125
2019-10-22,300.8999938964844,298.9100036621094,300.5799865722656,299.010009765625,48594700.0,289.2626953125
2019-10-23,299.94000244140625,298.5,298.7300109863281,299.8800048828125,34352200.0,290.1043395996094
2019-10-24,301.07000732421875,299.4599914550781,300.9100036621094,300.3699951171875,35453100.0,290.578369140625
2019-10-25,302.20001220703125,299.67999267578125,299.739990234375,301.6000061035156,45205400.0,291.768310546875
2019-10-28,303.8500061035156,302.9100036621094,302.94000244140625,303.29998779296875,42147000.0,293.412841796875
2019-10-29,304.2300109863281,302.8599853515625,303.0,303.2099914550781,44284900.0,293.3258056640625
2019-10-30,304.54998779296875,301.989990234375,303.42999267578125,304.1400146484375,49643900.0,294.22552490234375
2019-10-31,304.1300048828125,301.7300109863281,304.1300048828125,303.3299865722656,69053800.0,293.4418640136719
2019-11-01,306.19000244140625,304.739990234375,304.9200134277344,306.1400146484375,71141500.0,296.1602783203125
2019-11-04,308.0,306.9599914550781,307.8500061035156,307.3699951171875,60606900.0,297.3501892089844
2019-11-05,307.9200134277344,306.7099914550781,307.5899963378906,307.0299987792969,42933200.0,297.0212707519531
2019-11-06,307.3999938964844,306.05999755859375,307.0299987792969,307.1000061035156,46487100.0,297.0889892578125
2019-11-07,309.6499938964844,307.6600036621094,308.57000732421875,308.17999267578125,54272300.0,298.1337585449219
2019-11-08,309.0,307.0299987792969,307.79998779296875,308.94000244140625,49032100.0,298.8690490722656
2019-11-11,308.5400085449219,307.2699890136719,307.4200134277344,308.3500061035156,35797300.0,298.2982177734375
2019-11-12,309.989990234375,308.1499938964844,308.75,309.0,46484600.0,298.92706298828125
2019-11-13,309.5400085449219,307.6600036621094,307.9100036621094,309.1000061035156,53917700.0,299.0238037109375
2019-11-14,309.6400146484375,308.0899963378906,308.7900085449219,309.54998779296875,51219900.0,299.4591369628906
2019-11-15,311.8399963378906,310.260009765625,311.0199890136719,311.7900085449219,62023600.0,301.6260986328125
2019-11-18,312.2799987792969,311.0299987792969,311.5299987792969,312.0199890136719,49228000.0,301.8486022949219
2019-11-19,312.69000244140625,311.2200012207031,312.67999267578125,311.92999267578125,67804700.0,301.7615051269531
2019-11-20,311.8500061035156,309.05999755859375,311.2799987792969,310.7699890136719,79406200.0,300.63934326171875
2019-11-21,311.010009765625,309.3900146484375,310.8900146484375,310.2699890136719,54664700.0,300.1556396484375
2019-11-22,311.239990234375,309.8500061035156,311.0899963378906,310.9599914550781,44850200.0,300.8231201171875
2019-11-25,313.3699951171875,311.9800109863281,311.9800109863281,313.3699951171875,48647200.0,303.15460205078125
2019-11-26,314.2799987792969,313.05999755859375,313.4100036621094,314.0799865722656,37569000.0,303.8414611816406
2019-11-27,315.4800109863281,314.3699951171875,314.6099853515625,315.4800109863281,44444600.0,305.1958312988281
2019-11-29,315.1300048828125,314.05999755859375,314.8599853515625,314.30999755859375,36592700.0,304.06396484375
2019-12-02,314.6600036621094,311.1700134277344,314.5899963378906,311.6400146484375,75767800.0,301.4809875488281
2019-12-03,309.6400146484375,307.1300048828125,308.6499938964844,309.54998779296875,73941700.0,299.4591369628906
2019-12-04,312.1199951171875,310.32000732421875,310.70001220703125,311.4599914550781,49080000.0,301.3068542480469
2019-12-05,312.25,310.5799865722656,312.2300109863281,312.0199890136719,40709000.0,301.8486022949219
2019-12-06,315.30999755859375,314.1099853515625,314.1199951171875,314.8699951171875,48927000.0,304.6056823730469
2019-12-09,315.17999267578125,313.79998779296875,314.44000244140625,313.8800048828125,34838500.0,303.64801025390625
2019-12-10,314.54998779296875,312.80999755859375,313.82000732421875,313.5299987792969,52649800.0,303.309326171875
2019-12-11,314.70001220703125,313.44000244140625,314.0299987792969,314.4200134277344,53429100.0,304.1703796386719
2019-12-12,317.989990234375,314.1700134277344,314.42999267578125,317.1300048828125,96389600.0,306.7919921875
2019-12-13,318.6700134277344,316.0199890136719,316.8699951171875,317.32000732421875,81503900.0,306.9757995605469
2019-12-16,320.1499938964844,317.25,319.2200012207031,319.5,82749700.0,309.0847473144531
2019-12-17,320.25,319.4800109863281,319.9200134277344,319.57000732421875,61097700.0,309.1524963378906
2019-12-18,320.25,319.5299987792969,320.0,319.5899963378906,48133000.0,309.171875
2019-12-19,320.9800109863281,319.5199890136719,319.79998779296875,320.8999938964844,85310500.0,310.4390869140625
2019-12-20,321.9700012207031,319.3900146484375,320.4599914550781,320.7300109863281,147142100.0,311.8001403808594
2019-12-23,321.6499938964844,321.05999755859375,321.5899963378906,321.2200012207031,52990000.0,312.27655029296875
2019-12-24,321.5199890136719,320.8999938964844,321.4700012207031,321.2300109863281,20270000.0,312.2862243652344
2019-12-26,322.95001220703125,321.6400146484375,321.6499938964844,322.94000244140625,30911200.0,313.94854736328125
2019-12-27,323.79998779296875,322.2799987792969,323.739990234375,322.8599853515625,42528800.0,313.8708190917969
2019-12-30,323.1000061035156,320.54998779296875,322.95001220703125,321.0799865722656,49729100.0,312.140380859375
2019-12-31,322.1300048828125,320.1499938964844,320.5299987792969,321.8599853515625,57077300.0,312.898681640625
2020-01-02,324.8900146484375,322.5299987792969,323.5400085449219,324.8699951171875,59151200.0,315.8248596191406
2020-01-03,323.6400146484375,321.1000061035156,321.1600036621094,322.4100036621094,77709700.0,313.433349609375
2020-01-06,323.7300109863281,320.3599853515625,320.489990234375,323.6400146484375,55653900.0,314.6291198730469
2020-01-07,323.5400085449219,322.239990234375,323.0199890136719,322.7300109863281,40496400.0,313.7444152832031
2020-01-08,325.7799987792969,322.6700134277344,322.94000244140625,324.45001220703125,68296000.0,315.4165954589844
2020-01-09,326.7300109863281,325.5199890136719,326.1600036621094,326.6499938964844,48473300.0,317.5552978515625
2020-01-10,327.4599914550781,325.20001220703125,327.2900085449219,325.7099914550781,53029300.0,316.6414794921875
2020-01-13,327.9599914550781,325.9200134277344,326.3900146484375,327.95001220703125,47086800.0,318.8191223144531
2020-01-14,328.6199951171875,326.8399963378906,327.4700012207031,327.45001220703125,62832800.0,318.33306884765625
2020-01-15,329.0199890136719,327.260009765625,327.3500061035156,328.19000244140625,72056600.0,319.05242919921875
2020-01-16,330.9200134277344,329.45001220703125,329.70001220703125,330.9200134277344,54050300.0,321.7064208984375
2020-01-17,332.17999267578125,330.8500061035156,331.70001220703125,331.95001220703125,95846000.0,322.707763671875
2020-01-21,332.17999267578125,330.82000732421875,330.8999938964844,331.29998779296875,77742400.0,322.07586669921875
2020-01-22,332.95001220703125,331.1700134277344,332.239990234375,331.3399963378906,48914900.0,322.11474609375
2020-01-23,332.1700134277344,329.4100036621094,330.6300048828125,331.7200012207031,51963000.0,322.484130859375
2020-01-24,332.5299987792969,327.3599853515625,332.44000244140625,328.7699890136719,87578400.0,319.61627197265625
2020-01-27,325.1199951171875,322.6600036621094,323.0299987792969,323.5,84062500.0,314.4930114746094
2020-01-28,327.8500061035156,323.6000061035156,325.05999755859375,326.8900146484375,63834000.0,317.78863525390625
2020-01-29,328.6300048828125,326.3999938964844,328.3800048828125,326.6199951171875,53888900.0,317.5261535644531
2020-01-30,327.9100036621094,323.5400085449219,324.3599853515625,327.67999267578125,75491800.0,318.556640625
2020-01-31,327.1700134277344,320.7300109863281,327.0,321.7300109863281,113845600.0,312.7723083496094
2020-02-03,326.1600036621094,323.2200012207031,323.3500061035156,324.1199951171875,69083000.0,315.09576416015625
2020-02-04,330.010009765625,327.7200012207031,328.07000732421875,329.05999755859375,62573200.0,319.89825439453125
2020-02-05,333.0899963378906,330.6700134277344,332.2699890136719,332.8599853515625,65951100.0,323.5924072265625
2020-02-06,334.19000244140625,332.79998779296875,333.9100036621094,333.9800109863281,50359700.0,324.6812438964844
2020-02-07,333.989990234375,331.6000061035156,332.82000732421875,332.20001220703125,64139400.0,322.9507751464844
2020-02-10,334.75,331.19000244140625,331.2300109863281,334.67999267578125,42070000.0,325.3617248535156
2020-02-11,337.0199890136719,334.67999267578125,336.1600036621094,335.260009765625,54864500.0,325.9255676269531
2020-02-12,337.6499938964844,336.42999267578125,336.8299865722656,337.4200134277344,43992700.0,328.02545166015625
2020-02-13,338.1199951171875,335.55999755859375,335.8599853515625,337.05999755859375,54501900.0,327.67547607421875
2020-02-14,337.7300109863281,336.20001220703125,337.510009765625,337.6000061035156,64582200.0,328.2004699707031
2020-02-18,337.6700134277344,335.2099914550781,336.510009765625,336.7300109863281,57226200.0,327.35467529296875
2020-02-19,339.0799865722656,337.4800109863281,337.7900085449219,338.3399963378906,48814700.0,328.9197998046875
2020-02-20,338.6400146484375,333.67999267578125,337.739990234375,336.95001220703125,74163400.0,327.56854248046875
2020-02-21,335.80999755859375,332.5799865722656,335.4700012207031,333.4800109863281,113788200.0,324.1951599121094
2020-02-24,333.55999755859375,321.239990234375,323.1400146484375,322.4200134277344,161088400.0,313.4430847167969
2020-02-25,324.6099853515625,311.69000244140625,323.94000244140625,312.6499938964844,218913200.0,303.9450988769531
2020-02-26,318.1099853515625,310.70001220703125,314.17999267578125,311.5,194773800.0,302.8271484375
2020-02-27,311.55999755859375,297.510009765625,305.4599914550781,297.510009765625,284353500.0,289.22662353515625
2020-02-28,297.8900146484375,285.5400085449219,288.70001220703125,296.260009765625,384975800.0,288.011474609375
2020-03-02,309.1600036621094,294.4599914550781,298.2099914550781,309.0899963378906,238703600.0,300.4842224121094
2020-03-03,313.8399963378906,297.57000732421875,309.5,300.239990234375,300139100.0,291.8805847167969
2020-03-04,313.1000061035156,303.3299865722656,306.1199951171875,312.8599853515625,176613400.0,304.1492614746094
2020-03-05,308.4700012207031,300.010009765625,304.9800109863281,302.4599914550781,186366800.0,294.0387878417969
2020-03-06,298.7799987792969,290.2300109863281,293.1499938964844,297.4599914550781,228667200.0,289.17803955078125
2020-03-09,284.19000244140625,273.45001220703125,275.29998779296875,274.2300109863281,309417300.0,266.59478759765625
2020-03-10,288.5199890136719,273.5,284.6400146484375,288.4200134277344,276444100.0,280.3897399902344
2020-03-11,281.94000244140625,270.8800048828125,280.70001220703125,274.3599853515625,255316300.0,266.7212219238281
2020-03-12,266.6600036621094,247.67999267578125,256.0,248.11000061035156,392220700.0,241.20205688476562
2020-03-13,271.4800109863281,248.52000427246094,263.0899963378906,269.32000732421875,329566100.0,261.821533203125
2020-03-16,256.8999938964844,237.36000061035156,241.17999267578125,239.85000610351562,297240000.0,233.17202758789062
2020-03-17,256.1700134277344,237.07000732421875,245.0399932861328,252.8000030517578,262070500.0,245.761474609375
2020-03-18,248.3699951171875,228.02000427246094,236.25,240.0,327597100.0,233.31785583496094
2020-03-19,247.3800048828125,232.22000122070312,239.25,240.50999450683594,289322000.0,233.8136444091797
2020-03-20,244.47000122070312,228.5,242.52999877929688,228.8000030517578,347158800.0,223.7376251220703
2020-03-23,229.67999267578125,218.25999450683594,228.19000244140625,222.9499969482422,326025200.0,218.01707458496094
2020-03-24,244.10000610351562,233.8000030517578,234.4199981689453,243.14999389648438,235494500.0,237.7701416015625
2020-03-25,256.3500061035156,239.75,244.8699951171875,246.7899932861328,299430300.0,241.32958984375
2020-03-26,262.79998779296875,249.0500030517578,249.52000427246094,261.20001220703125,257632800.0,255.42076110839844
2020-03-27,260.80999755859375,251.0500030517578,253.27000427246094,253.4199981689453,224341200.0,247.81289672851562
2020-03-30,262.42999267578125,253.52999877929688,255.6999969482422,261.6499938964844,171369500.0,255.86077880859375
2020-03-31,263.3299865722656,256.2200012207031,260.55999755859375,257.75,194881100.0,252.04710388183594
2020-04-01,257.6600036621094,243.89999389648438,247.97999572753906,246.14999389648438,189554600.0,240.70375061035156
2020-04-02,252.67999267578125,244.58999633789062,245.19000244140625,251.8300018310547,177660400.0,246.2581024169922
2020-04-03,253.32000732421875,245.22000122070312,250.75999450683594,248.19000244140625,135561200.0,242.69862365722656
2020-04-06,267.0,248.1699981689453,257.8399963378906,264.8599853515625,188061200.0,258.9997863769531
2020-04-07,275.0299987792969,264.8900146484375,274.2099914550781,265.1300048828125,201427200.0,259.2638244628906
2020-04-08,276.0,265.25,267.9599914550781,274.0299987792969,153774500.0,267.9668884277344
2020-04-09,281.20001220703125,275.4700012207031,277.5799865722656,278.20001220703125,189999200.0,272.04461669921875
2020-04-13,277.510009765625,271.4100036621094,277.1400146484375,275.6600036621094,114839100.0,269.5608215332031
2020-04-14,284.8999938964844,275.510009765625,280.9800109863281,283.7900085449219,134143400.0,277.5109558105469
2020-04-15,283.94000244140625,275.4599914550781,277.57000732421875,277.760009765625,121775000.0,271.6143798828125
2020-04-16,280.0299987792969,275.760009765625,279.1499938964844,279.1000061035156,131798300.0,272.92474365234375
2020-04-17,287.29998779296875,282.3999938964844,285.3800048828125,286.6400146484375,146684800.0,280.2978820800781
2020-04-20,286.7900085449219,281.3500061035156,282.6099853515625,281.5899963378906,100109300.0,275.359619140625
2020-04-21,278.0400085449219,272.0199890136719,276.7300109863281,273.0400085449219,126385700.0,266.9988098144531
2020-04-22,281.0,276.9100036621094,278.3500061035156,279.1000061035156,92951600.0,272.92474365234375
2020-04-23,283.94000244140625,278.75,280.489990234375,279.0799865722656,104709700.0,272.9051208496094
2020-04-24,283.70001220703125,278.5,280.7300109863281,282.9700012207031,85063200.0,276.7090759277344
2020-04-27,288.2699890136719,284.6199951171875,285.1199951171875,287.04998779296875,77896600.0,280.6988220214844
2020-04-28,291.3999938964844,285.3999938964844,291.0199890136719,285.7300109863281,105270000.0,279.4080505371094
2020-04-29,294.8800048828125,290.4100036621094,291.5299987792969,293.2099914550781,118745600.0,286.7225036621094
2020-04-30,293.32000732421875,288.5899963378906,291.7099914550781,290.4800109863281,122901700.0,284.052978515625
2020-05-01,290.6600036621094,281.5199890136719,285.30999755859375,282.7900085449219,125180000.0,276.5330505371094
2020-05-04,283.8999938964844,279.1300048828125,280.739990234375,283.57000732421875,80873200.0,277.29583740234375
2020-05-05,289.25,283.7099914550781,286.6400146484375,286.19000244140625,79569900.0,279.85784912109375
2020-05-06,288.4599914550781,283.7799987792969,288.0400085449219,284.25,73632600.0,277.9607849121094
2020-05-07,289.7799987792969,287.1300048828125,287.75,287.67999267578125,75250400.0,281.31488037109375
2020-05-08,292.95001220703125,289.8599853515625,291.0899963378906,292.44000244140625,76452400.0,285.96954345703125
2020-05-11,294.0,289.8800048828125,290.3399963378906,292.5,79514200.0,286.0282287597656
2020-05-12,294.239990234375,286.5199890136719,293.7900085449219,286.6700134277344,95870800.0,280.3272399902344
2020-05-13,287.19000244140625,278.9599914550781,286.05999755859375,281.6000061035156,144721100.0,275.3694152832031
2020-05-14,285.1099853515625,272.989990234375,278.95001220703125,284.9700012207031,121977900.0,278.66485595703125
2020-05-15,286.3299865722656,281.3399963378906,282.3699951171875,286.2799987792969,111146300.0,279.94580078125
2020-05-18,296.75,292.70001220703125,293.04998779296875,295.0,119703800.0,288.472900390625
2020-05-19,296.2099914550781,291.95001220703125,294.3500061035156,291.9700012207031,95189300.0,285.50994873046875
2020-05-20,297.8699951171875,295.57000732421875,295.82000732421875,296.92999267578125,85861700.0,290.36016845703125
2020-05-21,297.6700134277344,293.69000244140625,296.7900085449219,294.8800048828125,78293900.0,288.3555908203125
2020-05-22,295.6300048828125,293.2200012207031,294.57000732421875,295.44000244140625,63958200.0,288.9031677246094
2020-05-26,302.19000244140625,295.4599914550781,301.92999267578125,299.0799865722656,88951400.0,292.46258544921875
2020-05-27,303.57000732421875,296.8699951171875,302.1199951171875,303.5299987792969,104817400.0,296.8141784667969
2020-05-28,306.8399963378906,302.239990234375,304.6499938964844,302.9700012207031,90405200.0,296.2665710449219
2020-05-29,304.9599914550781,299.4700012207031,302.4599914550781,304.32000732421875,119090800.0,297.586669921875
2020-06-01,306.2099914550781,303.05999755859375,303.6199951171875,305.54998779296875,55758300.0,298.78948974609375
2020-06-02,308.1300048828125,305.1000061035156,306.54998779296875,308.0799865722656,74267200.0,301.2634582519531
2020-06-03,313.2200012207031,309.94000244140625,310.239990234375,312.17999267578125,92567600.0,305.2727966308594
2020-06-04,313.0,309.0799865722656,311.1099853515625,311.3599853515625,75794400.0,304.4709167480469
2020-06-05,321.2699890136719,317.1600036621094,317.2300109863281,319.3399963378906,150524700.0,312.2743835449219
2020-06-08,323.4100036621094,319.6300048828125,320.2200012207031,323.20001220703125,73641200.0,316.0489501953125
2020-06-09,323.2799987792969,319.3599853515625,320.29998779296875,320.7900085449219,77479200.0,313.69232177734375
2020-06-10,322.3900146484375,318.2200012207031,321.4200134277344,319.0,95000800.0,311.94189453125
2020-06-11,312.1499938964844,300.010009765625,311.4599914550781,300.6099853515625,209243600.0,293.9587707519531
2020-06-12,309.0799865722656,298.6000061035156,308.239990234375,304.2099914550781,194678900.0,297.4791259765625
2020-06-15,308.2799987792969,296.739990234375,298.0199890136719,307.04998779296875,135782700.0,300.2563171386719
2020-06-16,315.6400146484375,307.6700134277344,315.4800109863281,312.9599914550781,137627500.0,306.0355224609375
2020-06-17,314.3900146484375,310.8599853515625,314.07000732421875,311.6600036621094,83398900.0,304.7643127441406
2020-06-18,312.29998779296875,309.510009765625,310.010009765625,311.7799987792969,80828700.0,304.88165283203125
2020-06-19,314.3800048828125,306.5299987792969,314.1700134277344,308.6400146484375,135549600.0,303.1392517089844
2020-06-22,311.04998779296875,306.75,307.989990234375,310.6199951171875,74649400.0,305.083984375
2020-06-23,314.5,311.6099853515625,313.489990234375,312.04998779296875,68471200.0,306.48846435546875
2020-06-24,310.510009765625,302.1000061035156,309.8399963378906,304.0899963378906,132813500.0,298.67034912109375
2020-06-25,307.6400146484375,301.2799987792969,303.4700012207031,307.3500061035156,89468000.0,301.87225341796875
2020-06-26,306.3900146484375,299.4200134277344,306.1600036621094,300.04998779296875,127961000.0,294.7023620605469
2020-06-29,304.6099853515625,298.92999267578125,301.4100036621094,304.4599914550781,79773300.0,299.0337829589844
2020-06-30,310.20001220703125,303.82000732421875,303.989990234375,308.3599853515625,113394800.0,302.8642578125
2020-07-01,311.8900146484375,309.07000732421875,309.57000732421875,310.5199890136719,72396500.0,304.9857482910156
2020-07-02,315.70001220703125,311.510009765625,314.239990234375,312.2300109863281,69344200.0,306.665283203125
2020-07-06,317.67999267578125,315.55999755859375,316.3699951171875,317.04998779296875,61713800.0,311.3993835449219
2020-07-07,317.5199890136719,313.3699951171875,315.3800048828125,313.7799987792969,82910000.0,308.1876525878906
2020-07-08,316.29998779296875,312.70001220703125,314.6099853515625,316.17999267578125,54638600.0,310.5448303222656
2020-07-09,317.1000061035156,310.67999267578125,316.8399963378906,314.3800048828125,83354200.0,308.7769470214844
2020-07-10,317.8800048828125,312.760009765625,314.30999755859375,317.5899963378906,57550400.0,311.92974853515625
2020-07-13,322.7099914550781,314.1300048828125,320.1300048828125,314.8399963378906,102997500.0,309.228759765625
2020-07-14,319.760009765625,312.0,313.29998779296875,318.9200134277344,93657000.0,313.2360534667969
2020-07-15,323.0400085449219,319.2699890136719,322.4100036621094,321.8500061035156,87196500.0,316.11383056640625
2020-07-16,321.2799987792969,319.0899963378906,319.7900085449219,320.7900085449219,54622500.0,315.0727233886719
2020-07-17,322.57000732421875,319.739990234375,321.8800048828125,321.7200012207031,62774900.0,315.9861145019531
2020-07-20,325.1300048828125,320.6199951171875,321.42999267578125,324.32000732421875,56308800.0,318.5398254394531
2020-07-21,326.92999267578125,323.94000244140625,326.45001220703125,325.010009765625,57292200.0,319.217529296875
2020-07-22,327.20001220703125,324.5,324.6199951171875,326.8599853515625,57792900.0,321.0345153808594
2020-07-23,327.2300109863281,321.4800109863281,326.4700012207031,322.9599914550781,75738000.0,317.2040100097656
2020-07-24,321.989990234375,319.25,320.95001220703125,320.8800048828125,73766600.0,315.1611022949219
2020-07-27,323.4100036621094,320.7699890136719,321.6300048828125,323.2200012207031,48293000.0,317.4593505859375
2020-07-28,323.6400146484375,320.8500061035156,322.42999267578125,321.1700134277344,57495000.0,315.4459533691406
2020-07-29,325.7300109863281,322.0799865722656,322.1199951171875,325.1199951171875,48454200.0,319.3255310058594
2020-07-30,324.4100036621094,319.6400146484375,321.8999938964844,323.9599914550781,61861700.0,318.18621826171875
2020-07-31,326.6300048828125,321.3299865722656,325.8999938964844,326.5199890136719,84986800.0,320.7005310058594
2020-08-03,329.6199951171875,327.7300109863281,328.32000732421875,328.7900085449219,53077900.0,322.9301452636719
2020-08-04,330.05999755859375,327.8599853515625,327.8599853515625,330.05999755859375,41917900.0,324.177490234375
2020-08-05,332.3900146484375,331.17999267578125,331.4700012207031,332.1099853515625,42697700.0,326.1909484863281
2020-08-06,334.4599914550781,331.1300048828125,331.4800109863281,334.3299865722656,43679400.0,328.3713684082031
2020-08-07,334.8800048828125,332.29998779296875,333.2799987792969,334.57000732421875,57308300.0,328.60711669921875
2020-08-10,335.7699890136719,332.9599914550781,335.05999755859375,335.57000732421875,44282100.0,329.58929443359375
2020-08-11,337.5400085449219,332.010009765625,336.8500061035156,332.79998779296875,69601100.0,326.86865234375
2020-08-12,338.2799987792969,335.4100036621094,335.44000244140625,337.44000244140625,53774400.0,331.42596435546875
2020-08-13,338.25,335.8299865722656,336.6099853515625,336.8299865722656,41816100.0,330.82684326171875
2020-08-14,337.4200134277344,335.6199951171875,336.4100036621094,336.8399963378906,47260400.0,330.836669921875
2020-08-17,338.3399963378906,336.8500061035156,337.94000244140625,337.9100036621094,35481000.0,331.8876037597656
2020-08-18,339.1000061035156,336.6099853515625,338.3399963378906,338.6400146484375,38733900.0,332.6045837402344
2020-08-19,339.6099853515625,336.6199951171875,339.04998779296875,337.2300109863281,68054200.0,331.2197265625
2020-08-20,338.79998779296875,335.2200012207031,335.3599853515625,338.2799987792969,42207800.0,332.25103759765625
2020-08-21,339.7200012207031,337.54998779296875,337.9200134277344,339.4800109863281,55106600.0,333.4295959472656
2020-08-24,343.0,339.45001220703125,342.1199951171875,342.9200134277344,48588700.0,336.8083190917969
2020-08-25,344.2099914550781,342.2699890136719,343.5299987792969,344.1199951171875,38463400.0,337.9869079589844
2020-08-26,347.8599853515625,344.1700134277344,344.760009765625,347.57000732421875,50790200.0,341.37542724609375
2020-08-27,349.8999938964844,346.5299987792969,348.510009765625,348.3299865722656,58034100.0,342.1218566894531
2020-08-28,350.7200012207031,348.1499938964844,349.44000244140625,350.5799865722656,48588900.0,344.331787109375
2020-08-31,351.29998779296875,349.05999755859375,350.3500061035156,349.30999755859375,66099200.0,343.08441162109375
2020-09-01,352.7099914550781,349.239990234375,350.2099914550781,352.6000061035156,54908700.0,346.3157958984375
2020-09-02,358.75,353.42999267578125,354.6700134277344,357.70001220703125,69540000.0,351.3249206542969
2020-09-03,356.3800048828125,342.5899963378906,355.8699951171875,345.3900146484375,148011100.0,339.2342834472656
2020-09-04,347.8299865722656,334.8699951171875,346.1300048828125,342.57000732421875,139156300.0,336.4645690917969
2020-09-08,342.6400146484375,332.8800048828125,336.7099914550781,333.2099914550781,114465300.0,327.2713317871094
2020-09-09,342.4599914550781,336.6099853515625,337.54998779296875,339.7900085449219,91462300.0,333.7341003417969
2020-09-10,342.5299987792969,332.8500061035156,341.82000732421875,333.8900146484375,90569500.0,327.9392395019531
2020-09-11,336.9700012207031,331.0,335.82000732421875,334.05999755859375,84680200.0,328.1061706542969
2020-09-14,340.3800048828125,334.2200012207031,337.489990234375,338.4599914550781,65605700.0,332.42779541015625
2020-09-15,342.0199890136719,338.4700012207031,341.1199951171875,340.1700134277344,52920900.0,334.1073303222656
2020-09-16,343.05999755859375,338.5199890136719,341.510009765625,338.82000732421875,82096000.0,332.7813415527344
2020-09-17,337.70001220703125,332.989990234375,333.55999755859375,335.8399963378906,91523300.0,329.8544921875
2020-09-18,335.489990234375,327.9700012207031,335.3699951171875,330.6499938964844,105877900.0,326.0570068359375
2020-09-21,327.1300048828125,321.7300109863281,325.70001220703125,326.9700012207031,99450800.0,322.4281005859375
2020-09-22,330.8999938964844,325.8599853515625,328.57000732421875,330.29998779296875,63612100.0,325.71185302734375
2020-09-23,331.20001220703125,322.1000061035156,330.8999938964844,322.6400146484375,93112200.0,318.1582336425781
2020-09-24,326.79998779296875,319.79998779296875,321.2200012207031,323.5,76681300.0,319.00628662109375
2020-09-25,329.5799865722656,321.6400146484375,322.5799865722656,328.7300109863281,71069400.0,324.1636657714844
2020-09-28,334.9599914550781,332.1499938964844,333.2200012207031,334.19000244140625,64584600.0,329.54779052734375
2020-09-29,334.7699890136719,331.6199951171875,333.9700012207031,332.3699951171875,51304000.0,327.75311279296875
2020-09-30,338.2900085449219,332.8800048828125,333.0899963378906,334.8900146484375,104081100.0,330.23809814453125
2020-10-01,338.739990234375,335.010009765625,337.69000244140625,337.0400085449219,88698700.0,332.35821533203125
2020-10-02,337.010009765625,331.19000244140625,331.70001220703125,333.8399963378906,89431100.0,329.2026672363281
2020-10-05,339.9599914550781,336.010009765625,336.05999755859375,339.760009765625,45713100.0,335.0404357910156
2020-10-06,342.1700134277344,334.3800048828125,339.9100036621094,334.92999267578125,90128900.0,330.27752685546875
2020-10-07,341.6300048828125,338.0899963378906,338.1199951171875,340.760009765625,56999600.0,336.02655029296875
2020-10-08,343.8500061035156,341.8599853515625,342.8500061035156,343.7799987792969,45242500.0,339.00457763671875
2020-10-09,347.3500061035156,344.8900146484375,345.55999755859375,346.8500061035156,59528600.0,342.0319519042969
2020-10-12,354.0199890136719,349.05999755859375,349.5899963378906,352.42999267578125,80388500.0,347.5344543457031
2020-10-13,352.4700012207031,349.0899963378906,352.2799987792969,350.1300048828125,73255500.0,345.2663879394531
2020-10-14,351.92999267578125,347.1400146484375,350.75,347.92999267578125,57727900.0,343.0969543457031
2020-10-15,348.0199890136719,343.1300048828125,343.7099914550781,347.5,60357700.0,342.67291259765625
2020-10-16,350.75,347.1000061035156,348.9599914550781,347.2900085449219,89501900.0,342.4658508300781
2020-10-19,349.3299865722656,341.0400085449219,348.6499938964844,342.010009765625,68425600.0,337.2591857910156
2020-10-20,346.8800048828125,342.6400146484375,343.4599914550781,343.3800048828125,60051900.0,338.6101379394531
2020-10-21,345.6700134277344,342.3999938964844,343.3299865722656,342.7300109863281,63575000.0,337.96917724609375
2020-10-22,345.239990234375,340.6499938964844,342.9599914550781,344.6099853515625,55399300.0,339.8230285644531
2020-10-23,345.989990234375,343.1300048828125,345.92999267578125,345.7799987792969,49143900.0,340.976806640625
2020-10-26,342.9800109863281,335.6199951171875,342.1300048828125,339.3900146484375,91473000.0,334.67559814453125
2020-10-27,340.1199951171875,337.989990234375,339.760009765625,338.2200012207031,65994100.0,333.52178955078125
2020-10-28,338.25,326.1300048828125,332.1000061035156,326.6600036621094,127094300.0,322.1224060058594
2020-10-29,333.3999938964844,325.0899963378906,326.9100036621094,329.9800109863281,90597700.0,325.3962707519531
2020-10-30,329.69000244140625,322.6000061035156,328.2799987792969,326.5400085449219,120287300.0,322.00408935546875
2020-11-02,332.3599853515625,327.239990234375,330.20001220703125,330.20001220703125,86068300.0,325.6132507324219
2020-11-03,338.25,330.2900085449219,333.69000244140625,336.0299987792969,93294200.0,331.36224365234375
2020-11-04,347.94000244140625,339.5899963378906,340.8599853515625,343.5400085449219,126959700.0,338.7679138183594
2020-11-05,352.19000244140625,348.8599853515625,349.239990234375,350.239990234375,82039700.0,345.37481689453125
2020-11-06,351.510009765625,347.6499938964844,349.92999267578125,350.1600036621094,74973000.0,345.2959899902344
2020-11-09,364.3800048828125,354.05999755859375,363.9700012207031,354.55999755859375,172304200.0,349.63482666015625
2020-11-10,355.17999267578125,350.510009765625,353.489990234375,354.0400085449219,85552000.0,349.1220397949219
2020-11-11,357.55999755859375,355.05999755859375,356.3999938964844,356.6700134277344,58649000.0,351.7155456542969
2020-11-12,356.7200012207031,351.260009765625,355.5799865722656,353.2099914550781,67546200.0,348.3035888671875
2020-11-13,358.8999938964844,354.7099914550781,355.2699890136719,358.1000061035156,62892200.0,353.1256408691406
2020-11-16,362.7799987792969,359.5899963378906,360.9800109863281,362.57000732421875,74541100.0,357.5335998535156
2020-11-17,361.9200134277344,358.3399963378906,359.9700012207031,360.6199951171875,66111000.0,355.6106872558594
2020-11-18,361.5,356.239990234375,360.9100036621094,356.2799987792969,70591300.0,351.3309631347656
2020-11-19,358.17999267578125,354.1499938964844,355.6000061035156,357.7799987792969,59940900.0,352.8100891113281
2020-11-20,357.7200012207031,355.25,357.5,355.3299865722656,70417300.0,350.3941345214844
2020-11-23,358.82000732421875,354.8699951171875,357.2799987792969,357.4599914550781,63230600.0,352.4945373535156
2020-11-24,363.80999755859375,359.2900085449219,360.2099914550781,363.2200012207031,62415900.0,358.1745910644531
2020-11-25,363.1600036621094,361.4800109863281,363.1300048828125,362.6600036621094,45330900.0,357.622314453125
2020-11-27,364.17999267578125,362.5799865722656,363.8399963378906,363.6700134277344,28514100.0,358.61834716796875
2020-11-30,363.1199951171875,359.1700134277344,362.8299865722656,362.05999755859375,83872700.0,357.0306396484375
2020-12-01,367.67999267578125,364.92999267578125,365.57000732421875,366.0199890136719,74231400.0,360.9356384277344
2020-12-02,366.9599914550781,364.20001220703125,364.82000732421875,366.7900085449219,45927000.0,361.6949462890625
2020-12-03,368.19000244140625,365.5,366.67999267578125,366.69000244140625,62882000.0,361.5963439941406
2020-12-04,369.8500061035156,367.2200012207031,367.32000732421875,369.8500061035156,50749900.0,364.71246337890625
2020-12-07,369.6199951171875,367.7200012207031,369.0199890136719,369.0899963378906,48944300.0,363.9629821777344
2020-12-08,370.7799987792969,367.6700134277344,367.7200012207031,370.1700134277344,42458900.0,365.0279846191406
2020-12-09,371.04998779296875,365.95001220703125,370.8800048828125,366.8500061035156,74098300.0,361.7541198730469
2020-12-10,367.8599853515625,364.42999267578125,365.3699951171875,366.7300109863281,57735400.0,361.63580322265625
2020-12-11,366.739990234375,363.260009765625,364.8999938964844,366.29998779296875,57698600.0,361.2117614746094
2020-12-14,369.79998779296875,364.4700012207031,368.6400146484375,364.6600036621094,69216200.0,359.59454345703125
2020-12-15,369.5899963378906,365.9200134277344,367.3999938964844,369.5899963378906,63865300.0,364.4560241699219
2020-12-16,371.1600036621094,368.8699951171875,369.82000732421875,370.1700134277344,58420500.0,365.0279846191406
2020-12-17,372.4599914550781,371.04998779296875,371.94000244140625,372.239990234375,64119500.0,367.0692443847656
2020-12-18,371.1499938964844,367.0199890136719,370.9700012207031,369.17999267578125,136542300.0,365.60357666015625
2020-12-21,378.4599914550781,362.0299987792969,364.9700012207031,367.8599853515625,96386700.0,364.2963562011719
2020-12-22,368.3299865722656,366.0299987792969,368.2099914550781,367.239990234375,47949000.0,363.682373046875
2020-12-23,369.6199951171875,367.2200012207031,368.2799987792969,367.57000732421875,46201400.0,364.0091857910156
2020-12-24,369.0299987792969,367.45001220703125,368.0799865722656,369.0,26457900.0,365.4253234863281
2020-12-28,372.5899963378906,371.07000732421875,371.739990234375,372.1700134277344,39000400.0,368.56463623046875
2020-12-29,374.0,370.8299865722656,373.80999755859375,371.4599914550781,53680500.0,367.8614807128906
2020-12-30,373.1000061035156,371.57000732421875,372.3399963378906,371.989990234375,49455300.0,368.3863525390625
2020-12-31,374.6600036621094,371.2300109863281,371.7799987792969,373.8800048828125,78520700.0,370.258056640625
2021-01-04,375.45001220703125,364.82000732421875,375.30999755859375,368.7900085449219,110210800.0,365.2173767089844
2021-01-05,372.5,368.04998779296875,368.1000061035156,371.3299865722656,66426200.0,367.7327575683594
2021-01-06,376.9800109863281,369.1199951171875,369.7099914550781,373.54998779296875,107997700.0,369.9312438964844
2021-01-07,379.8999938964844,375.9100036621094,376.1000061035156,379.1000061035156,68766800.0,375.427490234375
2021-01-08,381.489990234375,377.1000061035156,380.5899963378906,381.260009765625,71677200.0,377.5665588378906
2021-01-11,380.5799865722656,377.7200012207031,377.8500061035156,378.69000244140625,51034700.0,375.021484375
2021-01-12,379.8599853515625,376.3599853515625,378.8900146484375,378.7699890136719,52547700.0,375.1006774902344
2021-01-13,380.8599853515625,377.8500061035156,378.69000244140625,379.7900085449219,45303600.0,376.11083984375
2021-01-14,381.1300048828125,378.1000061035156,380.5899963378906,378.4599914550781,49989100.0,374.7936706542969
2021-01-15,377.5799865722656,373.70001220703125,376.7200012207031,375.70001220703125,107160000.0,372.0604248046875
2021-01-19,379.2300109863281,376.75,378.3399963378906,378.6499938964844,51233300.0,374.9818420410156
2021-01-20,384.7900085449219,380.69000244140625,381.1099853515625,383.8900146484375,61836100.0,380.1711120605469
2021-01-21,384.95001220703125,383.25,384.489990234375,384.239990234375,47840100.0,380.5177001953125
2021-01-22,384.1300048828125,381.8399963378906,382.25,382.8800048828125,52860500.0,379.1708679199219
2021-01-25,384.7699890136719,378.4599914550781,383.6700134277344,384.3900146484375,70402000.0,380.666259765625
2021-01-26,385.8500061035156,383.5400085449219,385.4100036621094,383.7900085449219,42665300.0,380.07208251953125
2021-01-27,380.32000732421875,372.010009765625,380.2200012207031,374.4100036621094,123351100.0,370.7829284667969
2021-01-28,381.92999267578125,375.8900146484375,376.3599853515625,377.6300048828125,94198100.0,373.97174072265625
2021-01-29,376.6700134277344,368.2699890136719,375.6300048828125,370.07000732421875,126765100.0,366.4849853515625
2021-02-01,377.3399963378906,370.3800048828125,373.7200012207031,376.2300109863281,75817600.0,372.5852966308594
2021-02-02,383.2200012207031,376.32000732421875,379.6499938964844,381.54998779296875,64450700.0,377.853759765625
2021-02-03,383.70001220703125,380.4800109863281,382.44000244140625,381.8500061035156,52427100.0,378.1508483886719
2021-02-04,386.239990234375,381.9700012207031,382.9599914550781,386.19000244140625,47142600.0,382.44879150390625
2021-02-05,388.4700012207031,386.1400146484375,388.20001220703125,387.7099914550781,48669800.0,383.9540710449219
2021-02-08,390.55999755859375,388.3500061035156,389.2699890136719,390.510009765625,38365200.0,386.7269592285156
2021-02-09,390.8900146484375,389.1700134277344,389.6099853515625,390.25,35551100.0,386.469482421875
2021-02-10,392.2799987792969,387.5,392.1199951171875,390.0799865722656,59154400.0,386.3011169433594
2021-02-11,391.69000244140625,388.1000061035156,391.239990234375,390.7099914550781,42913300.0,386.9250183105469
2021-02-12,392.8999938964844,389.7699890136719,389.8500061035156,392.6400146484375,50593300.0,388.8363342285156
2021-02-16,394.1700134277344,391.5299987792969,393.9599914550781,392.29998779296875,50972400.0,388.4996032714844
2021-02-17,392.6600036621094,389.3299865722656,390.4200134277344,392.3900146484375,52290600.0,388.5887451171875
2021-02-18,391.5199890136719,387.739990234375,389.5899963378906,390.7200012207031,59712800.0,386.9349365234375
2021-02-19,392.3800048828125,389.54998779296875,392.07000732421875,390.0299987792969,83241000.0,386.2515869140625
2021-02-22,389.6199951171875,386.739990234375,387.05999755859375,387.0299987792969,67414200.0,383.2806701660156
2021-02-23,388.95001220703125,380.20001220703125,384.6600036621094,387.5,107284100.0,383.74609375
2021-02-24,392.2300109863281,385.2699890136719,386.3299865722656,391.7699890136719,72433900.0,387.9747314453125
2021-02-25,391.8800048828125,380.7799987792969,390.4100036621094,382.3299865722656,146670500.0,378.6261901855469
2021-02-26,385.5799865722656,378.2300109863281,384.3500061035156,380.3599853515625,152701600.0,376.6752624511719
2021-03-01,390.9200134277344,380.57000732421875,385.5899963378906,389.5799865722656,105348800.0,385.8059387207031
2021-03-02,390.07000732421875,386.0,389.82000732421875,386.5400085449219,79595300.0,382.79541015625
2021-03-03,386.8299865722656,381.30999755859375,385.7900085449219,381.4200134277344,119940200.0,377.7250061035156
2021-03-04,384.0,371.8800048828125,381.2200012207031,376.70001220703125,183433000.0,373.0507507324219
2021-03-05,384.760009765625,372.6400146484375,380.4599914550781,383.6300048828125,152039600.0,379.91363525390625
2021-03-08,387.67999267578125,381.4200134277344,384.6600036621094,381.7200012207031,123149200.0,378.0221252441406
2021-03-09,389.9100036621094,385.30999755859375,385.8500061035156,387.1700134277344,113633600.0,383.4193420410156
2021-03-10,391.3999938964844,388.1700134277344,389.69000244140625,389.5799865722656,109899400.0,385.8059387207031
2021-03-11,395.6499938964844,391.739990234375,392.2300109863281,393.5299987792969,86245000.0,389.7176818847656
2021-03-12,394.2099914550781,391.20001220703125,392.07000732421875,394.05999755859375,64653600.0,390.2425842285156
2021-03-15,396.69000244140625,392.0299987792969,394.3299865722656,396.4100036621094,73427200.0,392.5697937011719
2021-03-16,397.8299865722656,395.0799865722656,397.07000732421875,395.9100036621094,73722500.0,392.07464599609375
2021-03-17,398.1199951171875,393.29998779296875,394.5299987792969,397.260009765625,97959300.0,393.4115905761719
2021-03-18,396.7200012207031,390.75,394.4800109863281,391.4800109863281,115349100.0,387.6875915527344
2021-03-19,391.57000732421875,387.1499938964844,389.8800048828125,389.4800109863281,113624500.0,386.9702453613281
2021-03-22,394.07000732421875,389.9700012207031,390.0299987792969,392.5899963378906,73778600.0,390.0601501464844
2021-03-23,393.4599914550781,388.6600036621094,391.9100036621094,389.5,90686600.0,386.9900817871094
2021-03-24,392.75,387.4700012207031,391.0,387.5199890136719,97588600.0,385.0228271484375
2021-03-25,390.54998779296875,383.8999938964844,385.9800109863281,389.70001220703125,116128600.0,387.1888122558594
2021-03-26,396.4100036621094,390.2900085449219,390.92999267578125,395.9800109863281,114409100.0,393.4283447265625
2021-03-29,396.75,392.80999755859375,394.3999938964844,395.7799987792969,108107600.0,393.2296447753906
2021-03-30,395.45001220703125,393.0199890136719,394.4200134277344,394.7300109863281,76262200.0,392.1863708496094
2021-03-31,398.0,395.30999755859375,395.3399963378906,396.3299865722656,112734200.0,393.77606201171875
2021-04-01,400.6700134277344,398.17999267578125,398.3999938964844,400.6099853515625,99682900.0,398.0284729003906
2021-04-05,406.94000244140625,403.3800048828125,403.4599914550781,406.3599853515625,91684800.0,403.7414245605469
2021-04-06,407.239990234375,405.3999938964844,405.760009765625,406.1199951171875,62021000.0,403.50299072265625
2021-04-07,406.9599914550781,405.45001220703125,405.94000244140625,406.5899963378906,55836300.0,403.9699401855469
2021-04-08,408.5799865722656,406.92999267578125,407.92999267578125,408.5199890136719,57863100.0,405.88751220703125
2021-04-09,411.6700134277344,408.260009765625,408.3900146484375,411.489990234375,61104600.0,408.83837890625
2021-04-12,411.92999267578125,410.20001220703125,410.8500061035156,411.6400146484375,56704900.0,408.9874267578125
2021-04-13,413.5299987792969,411.1199951171875,411.5299987792969,412.8599853515625,56551000.0,410.19952392578125
2021-04-14,413.9599914550781,410.8699951171875,412.8299865722656,411.45001220703125,61659900.0,408.7986755371094
2021-04-15,416.1600036621094,413.69000244140625,413.739990234375,415.8699951171875,60229800.0,413.1901550292969
2021-04-16,417.9100036621094,415.7300109863281,417.25,417.260009765625,82037300.0,414.57122802734375
2021-04-19,416.739990234375,413.7900085449219,416.260009765625,415.2099914550781,78498500.0,412.5343933105469
2021-04-20,415.0899963378906,410.5899963378906,413.9100036621094,412.1700134277344,81851800.0,409.5140075683594
2021-04-21,416.2900085449219,411.3599853515625,411.510009765625,416.07000732421875,66793000.0,413.38885498046875
2021-04-22,416.7799987792969,411.1300048828125,415.8900146484375,412.2699890136719,97582800.0,409.61334228515625
2021-04-23,418.25,412.7900085449219,412.8699951171875,416.739990234375,73209200.0,414.0545349121094
2021-04-26,418.2200012207031,416.80999755859375,417.44000244140625,417.6099853515625,52182400.0,414.9189147949219
2021-04-27,418.1400146484375,416.29998779296875,417.92999267578125,417.5199890136719,51303100.0,414.82952880859375
2021-04-28,419.010009765625,416.8999938964844,417.80999755859375,417.3999938964844,51238900.0,414.7102966308594
2021-04-29,420.7200012207031,416.44000244140625,420.32000732421875,420.05999755859375,78544300.0,417.3531494140625
2021-04-30,418.5400085449219,416.3399963378906,417.6300048828125,417.29998779296875,85527000.0,414.6109313964844
2021-05-03,419.8399963378906,417.6700134277344,419.42999267578125,418.20001220703125,68128300.0,415.5051574707031
2021-05-04,416.6000061035156,411.6700134277344,416.07000732421875,415.6199951171875,101591200.0,412.9417419433594
2021-05-05,417.6300048828125,415.1499938964844,417.3800048828125,415.75,60162200.0,413.0709533691406
2021-05-06,419.2099914550781,413.67999267578125,415.8299865722656,419.07000732421875,74321400.0,416.3695373535156
2021-05-07,422.82000732421875,419.1600036621094,419.8900146484375,422.1199951171875,67733800.0,419.3998718261719
2021-05-10,422.739990234375,417.80999755859375,422.5,417.94000244140625,81852400.0,415.246826171875
2021-05-11,415.2699890136719,410.05999755859375,413.1000061035156,414.2099914550781,116888000.0,411.5408630371094
2021-05-12,412.5899963378906,404.0,411.2300109863281,405.4100036621094,134811000.0,402.7975769042969
2021-05-13,412.3500061035156,407.0199890136719,407.07000732421875,410.2799987792969,106394000.0,407.63616943359375
2021-05-14,417.489990234375,413.17999267578125,413.2099914550781,416.5799865722656,82201600.0,413.89556884765625
2021-05-17,416.3900146484375,413.3599853515625,415.3900146484375,415.5199890136719,65129200.0,412.8424072265625
2021-05-18,416.05999755859375,411.7699890136719,415.79998779296875,411.94000244140625,59810200.0,409.2854919433594
2021-05-19,411.04998779296875,405.3299865722656,406.9200134277344,410.8599853515625,106467100.0,408.2124328613281
2021-05-20,416.6300048828125,411.6700134277344,411.79998779296875,415.2799987792969,78022200.0,412.6039733886719
2021-05-21,418.20001220703125,414.45001220703125,416.8699951171875,414.94000244140625,76578700.0,412.26617431640625
2021-05-24,420.32000732421875,417.0799865722656,417.3399963378906,419.1700134277344,51376700.0,416.4689025878906
2021-05-25,420.7099914550781,417.6199951171875,420.3299865722656,418.239990234375,57451400.0,415.54486083984375
2021-05-26,419.6099853515625,417.760009765625,418.8699951171875,419.07000732421875,43088600.0,416.3695373535156
2021-05-27,420.7200012207031,418.989990234375,420.1700134277344,419.2900085449219,56707700.0,416.5881042480469
2021-05-28,421.25,419.7900085449219,420.9700012207031,420.0400085449219,58520200.0,417.33331298828125
2021-06-01,422.7200012207031,419.20001220703125,422.57000732421875,419.6700134277344,54216600.0,416.9656982421875
2021-06-02,421.2300109863281,419.2900085449219,420.3699951171875,420.3299865722656,49097100.0,417.6214294433594
2021-06-03,419.989990234375,416.2799987792969,417.8500061035156,418.7699890136719,58138800.0,416.07147216796875
2021-06-04,422.9200134277344,418.8399963378906,420.75,422.6000061035156,55938800.0,419.8768005371094
2021-06-07,422.7799987792969,421.19000244140625,422.5899963378906,422.19000244140625,51555000.0,419.4694519042969
2021-06-08,423.2099914550781,420.32000732421875,423.1099853515625,422.2799987792969,47134300.0,419.5588684082031
2021-06-09,423.260009765625,421.4100036621094,423.17999267578125,421.6499938964844,48436300.0,418.9328918457031
2021-06-10,424.6300048828125,421.54998779296875,422.9599914550781,423.6099853515625,51020100.0,420.8802490234375
2021-06-11,424.42999267578125,422.82000732421875,424.20001220703125,424.30999755859375,45570800.0,421.5757751464844
2021-06-14,425.3699951171875,423.1000061035156,424.42999267578125,425.260009765625,42358500.0,422.5196838378906
2021-06-15,425.4599914550781,423.5400085449219,425.4200134277344,424.4800109863281,51508500.0,421.74468994140625
2021-06-16,424.8699951171875,419.9200134277344,424.6300048828125,422.1099853515625,80386100.0,419.3899230957031
2021-06-17,423.0199890136719,419.32000732421875,421.6700134277344,421.9700012207031,90949700.0,419.2508544921875
2021-06-18,417.8299865722656,414.70001220703125,417.0899963378906,414.9200134277344,118676300.0,413.5950012207031
2021-06-21,421.05999755859375,415.92999267578125,416.79998779296875,420.8599853515625,72822000.0,419.5159912109375
2021-06-22,424.0,420.0799865722656,420.8500061035156,423.1099853515625,57700300.0,421.7588195800781
2021-06-23,424.04998779296875,422.510009765625,423.19000244140625,422.6000061035156,49445400.0,421.2504577636719
2021-06-24,425.54998779296875,424.6199951171875,424.8900146484375,425.1000061035156,45110300.0,423.7424621582031
2021-06-25,427.0899963378906,425.54998779296875,425.8999938964844,426.6099853515625,58129500.0,425.24761962890625
2021-06-28,427.6499938964844,425.8900146484375,427.1700134277344,427.4700012207031,53159600.0,426.1048889160156
2021-06-29,428.55999755859375,427.1300048828125,427.8800048828125,427.70001220703125,35970500.0,426.33416748046875
2021-06-30,428.7799987792969,427.17999267578125,427.2099914550781,428.05999755859375,64827900.0,426.6930236816406
2021-07-01,430.6000061035156,428.79998779296875,428.8699951171875,430.42999267578125,53441000.0,429.0554504394531
2021-07-02,434.1000061035156,430.5199890136719,431.6700134277344,433.7200012207031,57697700.0,432.3349304199219
2021-07-06,434.010009765625,430.010009765625,433.7799987792969,432.92999267578125,68710400.0,431.5474548339844
2021-07-07,434.760009765625,431.510009765625,433.6600036621094,434.4599914550781,63549500.0,433.07257080078125
2021-07-08,431.7300109863281,427.5199890136719,428.7799987792969,430.9200134277344,97595200.0,429.54388427734375
2021-07-09,435.8399963378906,430.7099914550781,432.5299987792969,435.5199890136719,76238600.0,434.1291809082031
2021-07-12,437.3500061035156,434.9700012207031,435.42999267578125,437.0799865722656,52889600.0,435.6842041015625
2021-07-13,437.8399963378906,435.30999755859375,436.239990234375,435.5899963378906,52911300.0,434.198974609375
2021-07-14,437.9200134277344,434.9100036621094,437.3999938964844,436.239990234375,64130400.0,434.8468933105469
2021-07-15,435.5299987792969,432.7200012207031,434.80999755859375,434.75,55126400.0,433.3616638183594
2021-07-16,436.05999755859375,430.9200134277344,436.010009765625,431.3399963378906,75874700.0,429.9625244140625
2021-07-19,431.4100036621094,421.9700012207031,426.19000244140625,424.9700012207031,147987000.0,423.6128845214844
2021-07-20,432.4200134277344,424.8299865722656,425.67999267578125,431.05999755859375,99608200.0,429.6834411621094
2021-07-21,434.70001220703125,431.010009765625,432.3399963378906,434.54998779296875,64724400.0,433.16229248046875
2021-07-22,435.7200012207031,433.69000244140625,434.739990234375,435.4599914550781,47878500.0,434.0693664550781
2021-07-23,440.29998779296875,436.7900085449219,437.5199890136719,439.94000244140625,63766600.0,438.53509521484375
2021-07-26,441.0299987792969,439.260009765625,439.30999755859375,441.0199890136719,43719200.0,439.61163330078125
2021-07-27,439.94000244140625,435.989990234375,439.9100036621094,439.010009765625,67397100.0,437.6080627441406
2021-07-28,440.29998779296875,437.30999755859375,439.67999267578125,438.8299865722656,52472400.0,437.4286193847656
2021-07-29,441.79998779296875,439.80999755859375,439.82000732421875,440.6499938964844,47435300.0,439.2427978515625
2021-07-30,440.05999755859375,437.7699890136719,437.9100036621094,438.510009765625,68890600.0,437.1096496582031
2021-08-02,440.92999267578125,437.2099914550781,440.3399963378906,437.5899963378906,58783300.0,436.19256591796875
2021-08-03,441.2799987792969,436.1000061035156,438.44000244140625,441.1499938964844,58053900.0,439.7412109375
2021-08-04,441.1199951171875,438.7300109863281,439.7799987792969,438.9800109863281,46732200.0,437.5781555175781
2021-08-05,441.8500061035156,439.8800048828125,440.2200012207031,441.760009765625,38969700.0,440.3492736816406
2021-08-06,442.94000244140625,441.79998779296875,442.1000061035156,442.489990234375,46864100.0,441.0769348144531
2021-08-09,442.79998779296875,441.30999755859375,442.4599914550781,442.1300048828125,41222600.0,440.71807861328125
2021-08-10,443.44000244140625,441.8800048828125,442.6099853515625,442.67999267578125,43339300.0,441.2663269042969
2021-08-11,443.8800048828125,442.6199951171875,443.82000732421875,443.7799987792969,44034300.0,442.3628234863281
2021-08-12,445.260009765625,442.6600036621094,443.6199951171875,445.1099853515625,38909400.0,443.6885681152344
2021-08-13,445.94000244140625,445.07000732421875,445.5899963378906,445.9200134277344,39388300.0,444.4960021972656
2021-08-16,447.1099853515625,442.8699951171875,444.5299987792969,446.9700012207031,73740000.0,445.5426330566406
2021-08-17,444.9599914550781,440.8500061035156,444.239990234375,444.0400085449219,92673900.0,442.62200927734375
2021-08-18,444.6300048828125,438.9200134277344,442.9599914550781,439.17999267578125,89351900.0,437.7774963378906
2021-08-19,441.1400146484375,436.1199951171875,436.2699890136719,439.8599853515625,92812200.0,438.455322265625
2021-08-20,443.7099914550781,439.7099914550781,440.2300109863281,443.3599853515625,71975900.0,441.94415283203125
2021-08-23,448.2300109863281,443.44000244140625,445.1600036621094,447.260009765625,54973000.0,445.83172607421875
2021-08-24,448.5400085449219,447.4200134277344,447.9700012207031,447.9700012207031,38744700.0,446.5394287109375
2021-08-25,449.4599914550781,447.7699890136719,448.1700134277344,448.9100036621094,40529700.0,447.4764404296875
2021-08-26,448.8599853515625,446.1600036621094,448.6099853515625,446.260009765625,57829600.0,444.83489990234375
2021-08-27,450.6499938964844,447.05999755859375,447.1199951171875,450.25,77201900.0,448.8121643066406
2021-08-30,453.07000732421875,450.7099914550781,450.9700012207031,452.2300109863281,48357400.0,450.78582763671875
2021-08-31,452.489990234375,450.9200134277344,452.1300048828125,451.55999755859375,59300200.0,450.11798095703125
2021-09-01,453.1099853515625,451.54998779296875,452.55999755859375,451.79998779296875,48721400.0,450.357177734375
2021-09-02,454.04998779296875,451.9100036621094,453.32000732421875,453.19000244140625,42501000.0,451.7427673339844
2021-09-03,453.6300048828125,451.54998779296875,451.9800109863281,453.0799865722656,47170500.0,451.63311767578125
2021-09-07,452.80999755859375,450.739990234375,452.7099914550781,451.4599914550781,51671500.0,450.0182800292969
2021-09-08,451.6700134277344,448.8599853515625,450.8900146484375,450.9100036621094,56181900.0,449.4700622558594
2021-09-09,452.57000732421875,448.7200012207031,450.70001220703125,448.9800109863281,57970400.0,447.5462341308594
2021-09-10,451.489990234375,445.30999755859375,451.0400085449219,445.44000244140625,89848000.0,444.01751708984375
2021-09-13,448.9200134277344,444.1099853515625,448.6400146484375,446.5799865722656,83738600.0,445.15386962890625
2021-09-14,448.3399963378906,443.2200012207031,448.1199951171875,444.1700134277344,78197100.0,442.7515869140625
2021-09-15,448.4100036621094,443.44000244140625,444.6199951171875,447.8800048828125,78792200.0,446.4497375488281
2021-09-16,448.3599853515625,444.0199890136719,447.32000732421875,447.1700134277344,77786700.0,445.74200439453125
2021-09-17,445.3699951171875,441.0199890136719,444.9200134277344,441.3999938964844,118220200.0,441.3999938964844
